Free As Can Be,Magnus Ringblom
The Expedition,Adriel Fair
Butterflies,Peter Sandberg
Tumbling Part 1,Peter Sandberg
Breathing Again,Clarence Reed
Blue Brook,Clarence Reed
The long way back,Peter Sandberg
Never say no,Clarence Reed
Tumbling Part 2,Peter Sandberg
Jane,Peter Sandberg
Spring Morning,Peter Sandberg
She is Everywhere,Clarence Reed
Up up way,Clarence Reed
Boost,Dream Cave
Lovely Ingenue,Leimoti 
Lightdrops,Peter Sandberg
A New Horizon,Howard Harper-Barnes
Life in Peace,David Celeste
Cranberry,Peter Sandberg
Synesthesia,Clarence Reed
Before all of this,Raymond Grouse
Don’t Blink,Clarence Reed
Discoveries,Clarence Reed
The Warmth of The Sun on Her Skin,Peter Sandberg
Nature’s Wonders,Bonnie Grace
Brother John’s Farewell,Brightarm Orchestra
The Beginning,Gavin Luke
Wonders,Gavin Luke
Ancestors,Gavin Luke
We Can Conquer The World,Voilet Barber
Broad Horizons,Francis Wells
Free As Can Be,Magnus Ringblom
The Expedition,Adriel Fair
Butterflies,Peter Sandberg
Tumbling Part 1,Peter Sandberg
Breathing Again,Clarence Reed
Blue Brook,Clarence Reed
The long way back,Peter Sandberg
Never say no,Clarence Reed
Tumbling Part 2,Peter Sandberg
Jane,Peter Sandberg
Spring Morning,Peter Sandberg
She is Everywhere,Clarence Reed
Up up way,Clarence Reed
Boost,Dream Cave
Lovely Ingenue,Leimoti 
Lightdrops,Peter Sandberg
A New Horizon,Howard Harper-Barnes
Life in Peace,David Celeste
Cranberry,Peter Sandberg
Synesthesia,Clarence Reed
Before all of this,Raymond Grouse
Don’t Blink,Clarence Reed
Discoveries,Clarence Reed
The Warmth of The Sun on Her Skin,Peter Sandberg
Nature’s Wonders,Bonnie Grace
Brother John’s Farewell,Brightarm Orchestra
The Beginning,Gavin Luke
Wonders,Gavin Luke
Ancestors,Gavin Luke
We Can Conquer The World,Voilet Barber
Broad Horizons,Francis Wells
